{
    "Common": {
        "gameVolume": 0.19531255960464478,
        "shadowDraw": 1
    },
    "Player1": {
        "aimSensitivity": 0.3720816969871521,
        "hp": 100,
        "pcCtrl": 0
    },
    "Player2": {
        "aimSensitivity": 0.47844329476356506,
        "hp": 100,
        "pcCtrl": 1
    }
}