{
    "objects": [
        {
            "fileName": "planeStage",
            "position": {
                "x": 50.0,
                "y": 4.135000228881836,
                "z": 50.0
            },
            "rayFileName": "none",
            "rotate": {
                "x": 0.0,
                "y": 0.0,
                "z": 0.0
            },
            "scale": {
                "x": 0.9409999847412109,
                "y": 1.0230000019073486,
                "z": 1.059000015258789
            }
        },
        {
            "fileName": "planeStage",
            "position": {
                "x": 52.11399841308594,
                "y": 6.0980000495910645,
                "z": 52.43899917602539
            },
            "rayFileName": "none",
            "rotate": {
                "x": 0.0,
                "y": 0.0,
                "z": 0.0
            },
            "scale": {
                "x": 0.16300000250339508,
                "y": 0.8130000233650208,
                "z": 0.08100000023841858
            }
        },
        {
            "fileName": "planeStage",
            "position": {
                "x": 56.992000579833984,
                "y": 20.454999923706055,
                "z": 57.96699905395508
            },
            "rayFileName": "none",
            "rotate": {
                "x": 0.0,
                "y": 0.0,
                "z": 0.0
            },
            "scale": {
                "x": 0.5680000185966492,
                "y": 1.0230000019073486,
                "z": 0.45500001311302185
            }
        },
        {
            "fileName": "StageT3",
            "position": {
                "x": 50.0,
                "y": 4.633999824523926,
                "z": 50.0
            },
            "rayFileName": "none",
            "rotate": {
                "x": 0.0,
                "y": 0.0,
                "z": 0.0
            },
            "scale": {
                "x": 1.0,
                "y": 0.6499999761581421,
                "z": 1.0
            }
        }
    ]
}