{
    "environment": {
        "gravity": 0.004999999888241291,
        "lightPosition": {
            "x": 55.0,
            "y": 40.0,
            "z": 55.0
        },
        "startPosition1": {
            "x": 50.0,
            "y": 5.53000020980835,
            "z": 55.20000076293945
        },
        "startPosition2": {
            "x": 50.36000061035156,
            "y": 6.929999828338623,
            "z": 47.939998626708984
        },
        "startRotateY1": 180.0,
        "startRotateY2": 0.0
    },
    "objects": [
        {
            "fileName": "Box",
            "position": {
                "x": 45.32699966430664,
                "y": 5.421999931335449,
                "z": 57.66400146484375
            },
            "rayFileName": "none",
            "rotate": {
                "x": 67.29000091552734,
                "y": 94.20600128173828,
                "z": 0.0
            },
            "scale": {
                "x": 3.364000082015991,
                "y": 10.0,
                "z": 0.9350000023841858
            }
        },
        {
            "fileName": "Box",
            "position": {
                "x": 50.56100082397461,
                "y": 6.448999881744385,
                "z": 42.33599853515625
            },
            "rayFileName": "none",
            "rotate": {
                "x": 0.0,
                "y": 0.0,
                "z": 0.0
            },
            "scale": {
                "x": 1.121000051498413,
                "y": 1.121000051498413,
                "z": 1.027999997138977
            }
        },
        {
            "fileName": "planeStage",
            "position": {
                "x": 50.0,
                "y": 5.0,
                "z": 50.0
            },
            "rayFileName": "none",
            "rotate": {
                "x": 0.0,
                "y": 0.0,
                "z": 0.0
            },
            "scale": {
                "x": 0.9350000023841858,
                "y": 1.0,
                "z": 0.8410000205039978
            }
        },
        {
            "fileName": "planeStage",
            "position": {
                "x": 50.0,
                "y": 0.0,
                "z": 50.0
            },
            "rayFileName": "none",
            "rotate": {
                "x": 0.0,
                "y": 0.0,
                "z": 0.0
            },
            "scale": {
                "x": 0.2409999966621399,
                "y": 0.09300000220537186,
                "z": 0.2409999966621399
            }
        }
    ]
}