{
    "objects": [
        {
            "fileName": "Box",
            "position": {
                "x": 50.0,
                "y": 5.421999931335449,
                "z": 43.952999114990234
            },
            "rayFileName": "none",
            "rotate": {
                "x": 73.73500061035156,
                "y": 95.4219970703125,
                "z": 0.0
            },
            "scale": {
                "x": 2.2890000343322754,
                "y": 3.253000020980835,
                "z": 1.0
            }
        },
        {
            "fileName": "Box",
            "position": {
                "x": 54.09600067138672,
                "y": 6.50600004196167,
                "z": 43.952999114990234
            },
            "rayFileName": "none",
            "rotate": {
                "x": 56.38600158691406,
                "y": 264.5780029296875,
                "z": 0.0
            },
            "scale": {
                "x": 3.132999897003174,
                "y": 4.818999767303467,
                "z": 0.3610000014305115
            }
        },
        {
            "fileName": "planeStage",
            "position": {
                "x": 50.0,
                "y": 5.0,
                "z": 50.0
            },
            "rayFileName": "none",
            "rotate": {
                "x": 0.0,
                "y": 0.0,
                "z": 0.0
            },
            "scale": {
                "x": 0.6019999980926514,
                "y": 1.0,
                "z": 0.4819999933242798
            }
        },
        {
            "fileName": "planeStage",
            "position": {
                "x": 50.0,
                "y": 6.867000102996826,
                "z": 50.0
            },
            "rayFileName": "none",
            "rotate": {
                "x": 0.0,
                "y": 0.0,
                "z": 0.0
            },
            "scale": {
                "x": 0.2409999966621399,
                "y": 0.11999999731779099,
                "z": 0.2409999966621399
            }
        }
    ]
}