{
    "environment": {
        "gravity": 0.004999999888241291,
        "lightPosition": {
            "x": 50.0,
            "y": 20.0,
            "z": 50.0
        },
        "startPosition1": {
            "x": 50.0,
            "y": 5.53000020980835,
            "z": 55.20000076293945
        },
        "startPosition2": {
            "x": 50.36000061035156,
            "y": 6.929999828338623,
            "z": 47.939998626708984
        },
        "startRotateY1": 180.0,
        "startRotateY2": 0.0
    },
    "objects": [
        {
            "fileName": "Box",
            "position": {
                "x": 49.8129997253418,
                "y": 5.421999931335449,
                "z": 38.2239990234375
            },
            "rayFileName": "none",
            "rotate": {
                "x": 73.73500061035156,
                "y": 95.4219970703125,
                "z": 0.0
            },
            "scale": {
                "x": 2.2890000343322754,
                "y": 3.253000020980835,
                "z": 1.0
            }
        },
        {
            "fileName": "Box",
            "position": {
                "x": 54.09600067138672,
                "y": 6.50600004196167,
                "z": 38.597999572753906
            },
            "rayFileName": "none",
            "rotate": {
                "x": 56.38600158691406,
                "y": 264.5780029296875,
                "z": 0.0
            },
            "scale": {
                "x": 3.132999897003174,
                "y": 4.818999767303467,
                "z": 0.3610000014305115
            }
        },
        {
            "fileName": "planeStage",
            "position": {
                "x": 50.0,
                "y": 5.0,
                "z": 50.0
            },
            "rayFileName": "none",
            "rotate": {
                "x": 0.0,
                "y": 0.0,
                "z": 0.0
            },
            "scale": {
                "x": 0.9350000023841858,
                "y": 1.0,
                "z": 0.8410000205039978
            }
        },
        {
            "fileName": "planeStage",
            "position": {
                "x": 50.0,
                "y": 0.0,
                "z": 50.0
            },
            "rayFileName": "none",
            "rotate": {
                "x": 0.0,
                "y": 0.0,
                "z": 0.0
            },
            "scale": {
                "x": 0.2409999966621399,
                "y": 0.09300000220537186,
                "z": 0.2409999966621399
            }
        }
    ]
}