{
    "objects": [
        {
            "fileName": "planeStage",
            "position": {
                "x": 52.763999938964844,
                "y": 5.050000190734863,
                "z": 53.0890007019043
            },
            "rayFileName": "none",
            "rotate": {
                "x": 351.2200012207031,
                "y": 180.0,
                "z": 8.779999732971191
            },
            "scale": {
                "x": 0.4880000054836273,
                "y": 1.0230000019073486,
                "z": 0.40700000524520874
            }
        },
        {
            "fileName": "TestNone",
            "position": {
                "x": 50.16299819946289,
                "y": 6.534999847412109,
                "z": 50.16299819946289
            },
            "rayFileName": "none",
            "rotate": {
                "x": 8.779999732971191,
                "y": 210.73199462890625,
                "z": 11.706999778747559
            },
            "scale": {
                "x": 1.9509999752044678,
                "y": 1.0,
                "z": 1.9509999752044678
            }
        }
    ]
}