{
    "Player1": {
        "aimSensitivtiy": 0.8076171278953552
    },
    "Player2": {
        "aimSensitivtiy": 0.71875
    }
}