{
    "Common": {
        "gameVolume": 0.062499936670064926
    },
    "Player1": {
        "aimSensitivity": 0.7031248807907104,
        "hp": 100,
        "pcCtrl": 0
    },
    "Player2": {
        "aimSensitivity": 1.0,
        "hp": 100,
        "pcCtrl": 1
    }
}