{
    "Player1": {
        "aimSensitivtiy": 0.4344126880168915,
        "pcCtrl": 1
    },
    "Player2": {
        "aimSensitivtiy": 0.4375000298023224,
        "pcCtrl": 0
    }
}