{
    "environment": {
        "gravity": 0.05000000074505806,
        "lightPosition": {
            "x": 50.0,
            "y": 20.0,
            "z": 50.0
        },
        "startPosition1": {
            "x": 37.35,
            "y": 5.84,
            "z": 30.10
        },
      "startPosition2": {
        "x": 62.99,
        "y": 5.84,
        "z": 69.59
      },
        "startRotateY1": 392.0,
        "startRotateY2": 573.0
    },
    "objects": [
        {
            "fileName": "StageSet2",
            "position": {
                "x": 50.0,
                "y": 5.0,
                "z": 50.0
            },
            "rayFileName": "StageSet2Ray",
            "rotate": {
                "x": 0.0,
                "y": 33.487998962402344,
                "z": 0.0
            },
            "scale": {
                "x": 1.0,
                "y": 1.0470000505447388,
                "z": 1.0
            }
        }
    ]
}