{
    "objects": [
        {
            "fileName": "Model/planeStage.fbx",
            "position": {
                "x": 50.0,
                "y": 4.135000228881836,
                "z": 50.0
            },
            "rayFileName": "none",
            "rotate": {
                "x": 0.0,
                "y": 0.0,
                "z": 0.0
            },
            "scale": {
                "x": 0.9409999847412109,
                "y": 1.0230000019073486,
                "z": 1.059000015258789
            }
        },
        {
            "fileName": "Model/planeStage.fbx",
            "position": {
                "x": 50.0,
                "y": 20.454999923706055,
                "z": 50.0
            },
            "rayFileName": "none",
            "rotate": {
                "x": 0.0,
                "y": 0.0,
                "z": 0.0
            },
            "scale": {
                "x": 0.5680000185966492,
                "y": 1.0230000019073486,
                "z": 0.45500001311302185
            }
        }
    ]
}