{
    "objects": [
        {
            "fileName": "StageSet",
            "position": {
                "x": 50.0,
                "y": 5.0,
                "z": 50.0
            },
            "rayFileName": "StageSetRay",
            "rotate": {
                "x": 90.0,
                "y": 0.0,
                "z": 0.0
            },
            "scale": {
                "x": 1.0570000410079956,
                "y": 1.0570000410079956,
                "z": 1.0570000410079956
            }
        }
    ]
}