{
    "Common": {
        "gameVolume": 0.2617188096046448,
        "shadowDraw": 0
    },
    "Player1": {
        "aimSensitivity": 0.33203113079071045,
        "hp": 100,
        "pcCtrl": 1
    },
    "Player2": {
        "aimSensitivity": 0.30859363079071045,
        "hp": 100,
        "pcCtrl": 0
    }
}