{
    "objects": [
        {
            "fileName": "Model/planeStage.fbx",
            "position": {
                "x": 50.0,
                "y": 4.135000228881836,
                "z": 50.0
            },
            "rotate": {
                "x": 0.0,
                "y": 0.0,
                "z": 353.2330017089844
            },
            "scale": {
                "x": 0.5260000228881836,
                "y": 2.0,
                "z": 0.6389999985694885
            }
        },
        {
            "fileName": "Model/Box.fbx",
            "position": {
                "x": 53.007999420166016,
                "y": 5.5,
                "z": 48.0
            },
            "rotate": {
                "x": 0.0,
                "y": 0.0,
                "z": 0.0
            },
            "scale": {
                "x": 1.128000020980835,
                "y": 0.5640000104904175,
                "z": 2.0
            }
        },
        {
            "fileName": "Model/Box.fbx",
            "position": {
                "x": 44.73699951171875,
                "y": 7.5,
                "z": 49.24800109863281
            },
            "rotate": {
                "x": 5.414000034332275,
                "y": 0.0,
                "z": 0.0
            },
            "scale": {
                "x": 2.0,
                "y": 0.6389999985694885,
                "z": 2.0
            }
        },
        {
            "fileName": "Model/planeStage.fbx",
            "position": {
                "x": 47.36800003051758,
                "y": 1.503999948501587,
                "z": 50.375999450683594
            },
            "rotate": {
                "x": 0.0,
                "y": 0.0,
                "z": 5.414000034332275
            },
            "scale": {
                "x": 1.7669999599456787,
                "y": 0.5260000228881836,
                "z": 1.090000033378601
            }
        }
    ]
}