{
    "objects": [
        {
            "fileName": "Model/planeStage.fbx",
            "position": {
                "x": 50.0,
                "y": 4.135000228881836,
                "z": 50.0
            },
            "rotate": {
                "x": 0.0,
                "y": 0.0,
                "z": 0.0
            },
            "scale": {
                "x": 0.9769999980926514,
                "y": 0.9399999976158142,
                "z": 0.9769999980926514
            }
        },
        {
            "fileName": "Model/Box.fbx",
            "position": {
                "x": 53.013999938964844,
                "y": 5.752999782562256,
                "z": 58.49300003051758
            },
            "rotate": {
                "x": 0.0,
                "y": 0.0,
                "z": 0.0
            },
            "scale": {
                "x": 3.424999952316284,
                "y": 1.6440000534057617,
                "z": 0.9589999914169312
            }
        },
        {
            "fileName": "Model/Box.fbx",
            "position": {
                "x": 56.30099868774414,
                "y": 6.164000034332275,
                "z": 47.534000396728516
            },
            "rotate": {
                "x": 0.0,
                "y": 0.0,
                "z": 0.0
            },
            "scale": {
                "x": 1.3700000047683716,
                "y": 2.191999912261963,
                "z": 4.247000217437744
            }
        },
        {
            "fileName": "Model/planeStage.fbx",
            "position": {
                "x": 34.93199920654297,
                "y": 5.0,
                "z": 40.95899963378906
            },
            "rotate": {
                "x": 0.0,
                "y": 0.0,
                "z": 0.0
            },
            "scale": {
                "x": 0.27399998903274536,
                "y": 0.9589999914169312,
                "z": 0.27399998903274536
            }
        }
    ]
}