{
    "objects": [
        {
            "fileName": "Model/planeStage.fbx",
            "position": {
                "x": 50.0,
                "y": 4.135000228881836,
                "z": 50.0
            },
            "rotate": {
                "x": 0.0,
                "y": 0.0,
                "z": 0.0
            },
            "scale": {
                "x": 0.9769999980926514,
                "y": 0.9399999976158142,
                "z": 0.9769999980926514
            }
        },
        {
            "fileName": "Model/Box.fbx",
            "position": {
                "x": 50.375999450683594,
                "y": 5.263000011444092,
                "z": 50.375999450683594
            },
            "rotate": {
                "x": 0.0,
                "y": 0.0,
                "z": 0.0
            },
            "scale": {
                "x": 3.5339999198913574,
                "y": 1.2029999494552612,
                "z": 3.796999931335449
            }
        },
        {
            "fileName": "Model/Box.fbx",
            "position": {
                "x": 50.375999450683594,
                "y": 7.894999980926514,
                "z": 50.375999450683594
            },
            "rotate": {
                "x": 0.0,
                "y": 0.0,
                "z": 0.0
            },
            "scale": {
                "x": 1.465999960899353,
                "y": 1.090000033378601,
                "z": 1.277999997138977
            }
        }
    ]
}