{
    "objects": [
        {
            "fileName": "Model/planeStage.fbx",
            "position": {
                "x": 50.0,
                "y": 4.135000228881836,
                "z": 50.0
            },
            "rotate": {
                "x": 0.0,
                "y": 0.0,
                "z": 0.0
            },
            "scale": {
                "x": 0.9769999980926514,
                "y": 0.9399999976158142,
                "z": 0.9769999980926514
            }
        },
        {
            "fileName": "Model/Box.fbx",
            "position": {
                "x": 53.013999938964844,
                "y": 5.752999782562256,
                "z": 58.49300003051758
            },
            "rotate": {
                "x": 0.0,
                "y": 0.0,
                "z": 0.0
            },
            "scale": {
                "x": 3.424999952316284,
                "y": 1.6440000534057617,
                "z": 0.9589999914169312
            }
        }
    ]
}